model,accuracy,macro_f1,support,threshold
Majority Baseline,0.5200582807187956,0.3421304875710908,10295,
Numeric Logistic,0.7688198154443905,0.7571041058933746,10295,0.5800000000000003
Numeric HistGradientBoosting,0.785526954832443,0.7761320501185238,10295,0.5200000000000002
Hybrid Text + HistGradientBoosting,0.78630403108305,0.77658732197317,10295,0.5600000000000003
